date,raw,rolling7,rolling30,publication
2023-03-29,-3.0,-3.0,-3.0,True
2023-03-30,,-3.0,-3.0,False
2023-03-31,,-3.0,-3.0,False
2023-04-01,,-3.0,-3.0,False
2023-04-02,,-3.0,-3.0,False
2023-04-03,,-3.0,-3.0,False
2023-04-04,-3.0,-3.0,-3.0,True
2023-04-05,,-3.0,-3.0,False
2023-04-06,,-3.0,-3.0,False
2023-04-07,,-3.0,-3.0,False
2023-04-08,,-3.0,-3.0,False
2023-04-09,,-3.0,-3.0,False
2023-04-10,,-3.0,-3.0,False
2023-04-11,0.0,-2.5714285714285716,-2.7857142857142856,True
2023-04-12,0.0,-2.142857142857143,-2.6,True
2023-04-13,-1.5,-1.9285714285714286,-2.53125,True
2023-04-14,,-1.7142857142857142,-2.4705882352941178,False
2023-04-15,,-1.5,-2.4166666666666665,False
2023-04-16,,-1.2857142857142858,-2.3684210526315788,False
2023-04-17,0.0,-0.8571428571428571,-2.25,True
2023-04-18,-3.0,-1.2857142857142858,-2.2857142857142856,True
2023-04-19,-1.0,-1.4285714285714286,-2.227272727272727,True
2023-04-20,0.0,-1.2142857142857142,-2.130434782608696,True
2023-04-21,0.0,-1.0,-2.0416666666666665,True
2023-04-22,,-0.7857142857142857,-1.96,False
2023-04-23,,-0.5714285714285714,-1.8846153846153846,False
2023-04-24,,-0.5714285714285714,-1.8148148148148149,False
2023-04-25,1.0,0.0,-1.7142857142857142,True
2023-04-26,0.0,0.14285714285714285,-1.6551724137931034,True
2023-04-27,,0.14285714285714285,-1.6,False
2023-04-28,0.0,0.14285714285714285,-1.5,True
2023-04-29,,0.14285714285714285,-1.4,False
2023-04-30,,0.14285714285714285,-1.3,False
2023-05-01,,0.14285714285714285,-1.2,False
2023-05-02,0.0,0.0,-1.1,True
2023-05-03,0.0,0.0,-1.0,True
2023-05-04,0.0,0.0,-0.9,True
2023-05-05,,0.0,-0.8,False
2023-05-06,0.0,0.0,-0.7,True
2023-05-07,,0.0,-0.6,False
2023-05-08,,0.0,-0.5,False
2023-05-09,0.0,0.0,-0.4,True
2023-05-10,0.0,0.0,-0.3,True
2023-05-11,2.0,0.2857142857142857,-0.23333333333333334,True
2023-05-12,,0.5714285714285714,-0.16666666666666666,False
2023-05-13,,0.8571428571428571,-0.05,False
2023-05-14,2.0,1.1428571428571428,0.06666666666666667,True
2023-05-15,0.0,1.1428571428571428,0.11666666666666667,True
2023-05-16,,1.1428571428571428,0.16666666666666666,False
2023-05-17,0.0,1.1428571428571428,0.16666666666666666,True
2023-05-18,,0.8571428571428571,0.26666666666666666,False
2023-05-19,2.0,0.8571428571428571,0.36666666666666664,True
2023-05-20,,0.8571428571428571,0.43333333333333335,False
2023-05-21,,0.8571428571428571,0.5,False
2023-05-22,0.0,0.8571428571428571,0.5,True
2023-05-23,,0.8571428571428571,0.5,False
2023-05-24,,0.8571428571428571,0.5,False
2023-05-25,,0.8571428571428571,0.4666666666666667,False
2023-05-26,-2.0,0.2857142857142857,0.4,True
2023-05-27,,-0.2857142857142857,0.3333333333333333,False
2023-05-28,,-0.8571428571428571,0.26666666666666666,False
2023-05-29,-3.0,-1.2857142857142858,0.16666666666666666,True
2023-05-30,0.0,-1.2857142857142858,0.16666666666666666,True
2023-05-31,3.0,-0.8571428571428571,0.26666666666666666,True
2023-06-01,-2.6666666666666665,-1.238095238095238,0.17777777777777778,True
2023-06-02,-3.0,-1.380952380952381,0.07777777777777778,True
2023-06-03,0.0,-1.0952380952380951,0.07777777777777778,True
2023-06-04,0.0,-0.8095238095238094,0.07777777777777778,True
2023-06-05,0.0,-0.38095238095238093,0.07777777777777778,True
2023-06-06,-0.6666666666666666,-0.47619047619047616,0.055555555555555566,True
2023-06-07,1.0,-0.7619047619047619,0.08888888888888889,True
2023-06-08,0.0,-0.38095238095238093,0.08888888888888889,True
2023-06-09,,0.04761904761904762,0.08888888888888889,False
2023-06-10,,0.04761904761904762,0.02222222222222223,False
2023-06-11,,0.04761904761904762,-0.04444444444444443,False
2023-06-12,0.0,0.04761904761904762,-0.1111111111111111,True
2023-06-13,,0.14285714285714285,-0.17777777777777776,False
2023-06-14,2.0,0.2857142857142857,-0.1111111111111111,True
2023-06-15,,0.5714285714285714,-0.04444444444444443,False
2023-06-16,0.0,0.5714285714285714,-0.04444444444444443,True
2023-06-17,,0.5714285714285714,-0.04444444444444443,False
2023-06-18,,0.5714285714285714,-0.1111111111111111,False
2023-06-19,0.6666666666666666,0.6666666666666667,-0.15555555555555553,True
2023-06-20,-1.5,0.4523809523809524,-0.2722222222222222,True
2023-06-21,2.5,0.5238095238095238,-0.18888888888888886,True
2023-06-22,-0.5,0.16666666666666666,-0.20555555555555555,True
2023-06-23,-3.0,-0.2619047619047619,-0.3055555555555555,True
2023-06-24,,-0.6904761904761906,-0.40555555555555556,False
2023-06-25,,-1.119047619047619,-0.4388888888888889,False
2023-06-26,1.0,-1.0714285714285714,-0.33888888888888885,True
2023-06-27,0.0,-0.8571428571428571,-0.2722222222222222,True
2023-06-28,0.0,-1.2142857142857142,-0.1722222222222222,True
2023-06-29,-2.0,-1.4285714285714286,-0.23888888888888887,True
2023-06-30,,-1.2857142857142858,-0.40555555555555556,False
2023-07-01,,-1.1428571428571428,-0.38333333333333336,False
2023-07-02,,-1.0,-0.35,False
2023-07-03,,-1.4285714285714286,-0.4166666666666667,False
2023-07-04,0.0,-1.4285714285714286,-0.4166666666666667,True
2023-07-05,,-1.4285714285714286,-0.4166666666666667,False
2023-07-06,,-1.1428571428571428,-0.39444444444444443,False
2023-07-07,0.0,-0.8571428571428571,-0.42777777777777776,True
2023-07-08,,-0.5714285714285714,-0.42777777777777776,False
2023-07-09,,-0.2857142857142857,-0.42777777777777776,False
2023-07-10,,0.0,-0.42777777777777776,False
2023-07-11,,0.0,-0.42777777777777776,False
2023-07-12,,0.0,-0.42777777777777776,False
2023-07-13,1.0,0.14285714285714285,-0.39444444444444443,True
2023-07-14,,0.2857142857142857,-0.42777777777777776,False
2023-07-15,,0.42857142857142855,-0.4611111111111111,False
2023-07-16,-3.0,0.0,-0.5611111111111111,True
2023-07-17,0.0,0.0,-0.5611111111111111,True
2023-07-18,,0.0,-0.5611111111111111,False
2023-07-19,,0.0,-0.5833333333333334,False
2023-07-20,,-0.14285714285714285,-0.5333333333333333,False
2023-07-21,,-0.2857142857142857,-0.6166666666666667,False
2023-07-22,1.0,-0.2857142857142857,-0.5666666666666667,True
2023-07-23,,0.2857142857142857,-0.43333333333333335,False
2023-07-24,0.0,0.2857142857142857,-0.3333333333333333,True
2023-07-25,,0.2857142857142857,-0.23333333333333334,False
2023-07-26,0.0,0.2857142857142857,-0.26666666666666666,True
2023-07-27,-2.0,0.0,-0.3333333333333333,True
2023-07-28,0.0,0.0,-0.3333333333333333,True
2023-07-29,,-0.14285714285714285,-0.26666666666666666,False
2023-07-30,,-0.2857142857142857,-0.2,False
2023-07-31,,-0.2857142857142857,-0.13333333333333333,False
2023-08-01,1.0,-0.14285714285714285,-0.03333333333333333,True
2023-08-02,0.0,-0.14285714285714285,0.03333333333333333,True
2023-08-03,,0.14285714285714285,0.03333333333333333,False
2023-08-04,,0.14285714285714285,0.03333333333333333,False
2023-08-05,,0.14285714285714285,0.03333333333333333,False
2023-08-06,,0.14285714285714285,0.03333333333333333,False
2023-08-07,,0.14285714285714285,0.03333333333333333,False
2023-08-08,0.0,0.0,0.03333333333333333,True
2023-08-09,,0.0,0.03333333333333333,False
2023-08-10,,0.0,0.03333333333333333,False
2023-08-11,-1.5,-0.21428571428571427,-0.016666666666666666,True
2023-08-12,,-0.42857142857142855,-0.1,False
2023-08-13,0.0,-0.42857142857142855,-0.13333333333333333,True
2023-08-14,-3.0,-0.8571428571428571,-0.26666666666666666,True
2023-08-15,,-1.2857142857142858,-0.26666666666666666,False
2023-08-16,,-1.7142857142857142,-0.36666666666666664,False
2023-08-17,,-2.142857142857143,-0.4666666666666667,False
2023-08-18,,-2.357142857142857,-0.5666666666666667,False
2023-08-19,-1.0,-2.2857142857142856,-0.6,True
2023-08-20,,-2.4285714285714284,-0.6333333333333333,False
2023-08-21,0.0,-2.0,-0.6666666666666666,True
2023-08-22,0.0,-1.5714285714285714,-0.7,True
2023-08-23,-3.0,-1.5714285714285714,-0.8,True
2023-08-24,,-1.5714285714285714,-0.9,False
2023-08-25,,-1.5714285714285714,-1.0,False
2023-08-26,,-1.8571428571428572,-1.0333333333333334,False
2023-08-27,,-2.142857142857143,-1.1333333333333333,False
2023-08-28,0.0,-2.142857142857143,-1.1333333333333333,True
2023-08-29,,-2.142857142857143,-1.1333333333333333,False
2023-08-30,-2.0,-2.0,-1.2,True
2023-08-31,,-1.8571428571428572,-1.3,False
2023-09-01,-3.0,-1.8571428571428572,-1.4,True
2023-09-02,,-1.8571428571428572,-1.5,False
2023-09-03,0.0,-1.4285714285714286,-1.5,True
2023-09-04,-2.0,-1.7142857142857142,-1.5666666666666667,True
2023-09-05,-2.0,-2.0,-1.6333333333333333,True
2023-09-06,-1.5,-1.9285714285714286,-1.6833333333333333,True
2023-09-07,0.0,-1.6428571428571428,-1.6833333333333333,True
2023-09-08,-2.0,-1.5,-1.75,True
2023-09-09,,-1.3571428571428572,-1.8166666666666667,False
2023-09-10,,-1.6428571428571428,-1.8333333333333333,False
2023-09-11,-3.0,-1.7857142857142858,-1.8833333333333333,True
2023-09-12,-2.0,-1.7857142857142858,-1.95,True
2023-09-13,-1.0,-1.7142857142857142,-1.8833333333333333,True
2023-09-14,-1.0,-1.8571428571428572,-1.8166666666666667,True
2023-09-15,0.0,-1.5714285714285714,-1.7166666666666666,True
2023-09-16,2.0,-1.0,-1.55,True
2023-09-17,2.0,-0.42857142857142855,-1.3833333333333333,True
2023-09-18,0.0,0.0,-1.35,True
2023-09-19,-0.4,0.2285714285714286,-1.3299999999999998,True
2023-09-20,0.0,0.37142857142857144,-1.3299999999999998,True
2023-09-21,-1.2,0.34285714285714286,-1.37,True
2023-09-22,,0.17142857142857143,-1.3099999999999998,False
2023-09-23,,-0.2857142857142857,-1.25,False
2023-09-24,,-0.7428571428571429,-1.1900000000000002,False
2023-09-25,,-0.9142857142857144,-1.13,False
2023-09-26,,-1.0285714285714285,-1.07,False
2023-09-27,2.0,-0.7428571428571428,-1.0033333333333334,True
2023-09-28,0.0,-0.5714285714285714,-1.0033333333333334,True
2023-09-29,,-0.39999999999999997,-0.9366666666666668,False
2023-09-30,,-0.22857142857142856,-0.87,False
2023-10-01,,-0.05714285714285713,-0.77,False
2023-10-02,,0.1142857142857143,-0.67,False
2023-10-03,,0.2857142857142857,-0.67,False
2023-10-04,,0.0,-0.6033333333333334,False
2023-10-05,0.0,0.0,-0.5366666666666667,True
2023-10-06,,0.0,-0.48666666666666664,False
2023-10-07,-3.0,-0.42857142857142855,-0.5866666666666667,True
2023-10-08,-2.0,-0.7142857142857143,-0.5866666666666667,True
2023-10-09,-2.0,-1.0,-0.5866666666666667,True
2023-10-10,-2.0,-1.2857142857142858,-0.5866666666666667,True
2023-10-11,-3.0,-1.7142857142857142,-0.5866666666666667,True
2023-10-12,-1.0,-1.8571428571428572,-0.5533333333333333,True
2023-10-13,3.0,-1.4285714285714286,-0.42,True
2023-10-14,,-0.5714285714285714,-0.2866666666666667,False
2023-10-15,0.0,-0.2857142857142857,-0.2866666666666667,True
2023-10-16,1.0,0.14285714285714285,-0.32,True
2023-10-17,1.0,0.5714285714285714,-0.35333333333333333,True
2023-10-18,-2.0,0.7142857142857143,-0.42,True
2023-10-19,2.0,1.1428571428571428,-0.33999999999999997,True
2023-10-20,0.0,0.7142857142857143,-0.33999999999999997,True
2023-10-21,0.0,0.2857142857142857,-0.3,True
2023-10-22,0.0,0.2857142857142857,-0.26,True
2023-10-23,0.0,0.14285714285714285,-0.22,True
2023-10-24,0.0,0.0,-0.18,True
2023-10-25,,0.2857142857142857,-0.13999999999999999,False
2023-10-26,,0.0,-0.1,False
2023-10-27,,0.0,-0.16666666666666666,False
2023-10-28,,0.0,-0.16666666666666666,False
2023-10-29,0.0,0.0,-0.16666666666666666,True
2023-10-30,,0.0,-0.16666666666666666,False
2023-10-31,0.0,0.0,-0.16666666666666666,True
2023-11-01,,0.0,-0.16666666666666666,False
2023-11-02,-2.0,-0.2857142857142857,-0.23333333333333334,True
2023-11-03,,-0.5714285714285714,-0.3,False
2023-11-04,,-0.8571428571428571,-0.36666666666666664,False
2023-11-05,,-1.1428571428571428,-0.43333333333333335,False
2023-11-06,-2.0,-1.4285714285714286,-0.4,True
2023-11-07,-0.5,-1.5,-0.35,True
2023-11-08,-1.3333333333333333,-1.6904761904761905,-0.3277777777777778,True
2023-11-09,-0.6,-1.4904761904761905,-0.28111111111111114,True
2023-11-10,0.0,-1.2047619047619047,-0.1811111111111111,True
2023-11-11,,-0.9190476190476191,-0.14777777777777779,False
2023-11-12,,-0.6333333333333334,-0.2477777777777778,False
2023-11-13,,-0.3476190476190476,-0.3477777777777778,False
2023-11-14,,-0.27619047619047615,-0.3477777777777778,False
2023-11-15,-2.0,-0.3714285714285714,-0.4477777777777778,True
2023-11-16,2.0,3.172065784643304e-17,-0.41444444444444445,True
2023-11-17,3.0,0.42857142857142855,-0.2477777777777778,True
2023-11-18,,0.8571428571428571,-0.21444444444444447,False
2023-11-19,0.0,0.8571428571428571,-0.21444444444444447,True
2023-11-20,0.0,0.8571428571428571,-0.21444444444444447,True
2023-11-21,0.0,0.8571428571428571,-0.21444444444444447,True
2023-11-22,0.0,1.1428571428571428,-0.21444444444444447,True
2023-11-23,,0.8571428571428571,-0.21444444444444447,False
2023-11-24,3.0,0.8571428571428571,-0.11444444444444443,True
2023-11-25,,0.8571428571428571,-0.014444444444444437,False
2023-11-26,,1.2857142857142858,0.08555555555555557,False
2023-11-27,0.0,1.2857142857142858,0.08555555555555557,True
2023-11-28,1.0,1.4285714285714286,0.11888888888888889,True
2023-11-29,1.0,1.5714285714285714,0.1522222222222222,True
2023-11-30,-3.0,1.1428571428571428,0.05222222222222223,True
2023-12-01,1.0,0.8571428571428571,0.08555555555555557,True
2023-12-02,0.0,0.42857142857142855,0.1522222222222222,True
2023-12-03,,0.0,0.21888888888888888,False
2023-12-04,0.0,0.0,0.28555555555555556,True
2023-12-05,2.0,0.14285714285714285,0.41888888888888887,True
2023-12-06,0.0,0.0,0.4855555555555556,True
2023-12-07,0.0,0.42857142857142855,0.5022222222222222,True
2023-12-08,,0.2857142857142857,0.5466666666666666,False
2023-12-09,,0.2857142857142857,0.5666666666666667,False
2023-12-10,,0.2857142857142857,0.5666666666666667,False
2023-12-11,-3.0,-0.14285714285714285,0.4666666666666667,True
2023-12-12,-0.6666666666666666,-0.5238095238095238,0.4444444444444445,True
2023-12-13,,-0.619047619047619,0.4222222222222222,False
2023-12-14,,-0.7142857142857143,0.4,False
2023-12-15,1.0,-0.5714285714285714,0.5,True
2023-12-16,2.0,-0.2857142857142857,0.5,True
2023-12-17,0.0,-0.2857142857142857,0.4,True
2023-12-18,-1.5,-0.07142857142857142,0.25,True
2023-12-19,-3.0,-0.40476190476190477,0.15,True
2023-12-20,-1.5,-0.5238095238095238,0.1,True
2023-12-21,3.0,0.0,0.2,True
2023-12-22,,0.2857142857142857,0.3,False
2023-12-23,0.0,-3.172065784643304e-17,0.3,True
2023-12-24,,-3.172065784643304e-17,0.2,False
2023-12-25,,0.21428571428571425,0.1,False
2023-12-26,,0.6428571428571429,0.0,False
2023-12-27,-3.0,0.42857142857142855,-0.1,True
2023-12-28,,-0.42857142857142855,-0.23333333333333334,False
2023-12-29,,-1.2857142857142858,-0.36666666666666664,False
2023-12-30,,-1.7142857142857142,-0.36666666666666664,False
2023-12-31,,-2.142857142857143,-0.5,False
2024-01-01,,-2.5714285714285716,-0.6,False
2024-01-02,,-3.0,-0.7,False
2024-01-03,-3.0,-3.0,-0.8,True
2024-01-04,,-3.0,-0.9666666666666667,False
2024-01-05,,-3.0,-1.0666666666666667,False
2024-01-06,,-3.0,-1.1666666666666667,False
2024-01-07,2.0,-2.2857142857142856,-1.1,True
2024-01-08,,-1.5714285714285714,-1.0333333333333334,False
2024-01-09,,-0.8571428571428571,-0.9666666666666667,False
2024-01-10,-1.5,-0.6428571428571429,-0.9166666666666666,True
2024-01-11,,-0.42857142857142855,-0.9444444444444444,False
2024-01-12,-2.0,-0.2857142857142857,-0.9888888888888889,True
2024-01-13,,-0.14285714285714285,-1.0333333333333334,False
2024-01-14,0.0,-0.42857142857142855,-1.0666666666666667,True
2024-01-15,,-0.7142857142857143,-1.1333333333333333,False
2024-01-16,-3.0,-1.4285714285714286,-1.2333333333333334,True
2024-01-17,,-1.6428571428571428,-1.2833333333333334,False
2024-01-18,,-1.8571428571428572,-1.2833333333333334,False
2024-01-19,,-2.0,-1.3333333333333333,False
2024-01-20,,-2.142857142857143,-1.5333333333333334,False
2024-01-21,,-2.5714285714285716,-1.7333333333333334,False
2024-01-22,,-3.0,-1.8333333333333333,False
2024-01-23,,-3.0,-1.9333333333333333,False
2024-01-24,0.0,-2.5714285714285716,-1.9333333333333333,True
2024-01-25,0.0,-2.142857142857143,-1.9333333333333333,True
2024-01-26,2.0,-1.4285714285714286,-1.7666666666666666,True
2024-01-27,0.0,-1.0,-1.6666666666666667,True
2024-01-28,,-0.5714285714285714,-1.5666666666666667,False
2024-01-29,0.0,-0.14285714285714285,-1.4666666666666666,True
2024-01-30,,0.2857142857142857,-1.3666666666666667,False
2024-01-31,0.0,0.2857142857142857,-1.2666666666666666,True
2024-02-01,0.0,0.2857142857142857,-1.1666666666666667,True
2024-02-02,,0.0,-1.0666666666666667,False
2024-02-03,0.0,0.0,-0.9666666666666667,True
2024-02-04,2.0,0.2857142857142857,-0.8,True
2024-02-05,0.0,0.2857142857142857,-0.7,True
2024-02-06,,0.2857142857142857,-0.7666666666666667,False
2024-02-07,0.0,0.2857142857142857,-0.8333333333333334,True
2024-02-08,,0.2857142857142857,-0.9,False
2024-02-09,,0.2857142857142857,-0.85,False
2024-02-10,,0.2857142857142857,-0.8,False
2024-02-11,,0.0,-0.7333333333333333,False
2024-02-12,-2.5,-0.35714285714285715,-0.75,True
2024-02-13,,-0.7142857142857143,-0.8333333333333334,False
2024-02-14,-1.0,-0.8571428571428571,-0.8666666666666667,True
2024-02-15,-2.0,-1.1428571428571428,-0.8333333333333334,True
2024-02-16,0.0,-1.1428571428571428,-0.7333333333333333,True
2024-02-17,0.0,-1.1428571428571428,-0.6333333333333333,True
2024-02-18,,-1.1428571428571428,-0.5333333333333333,False
2024-02-19,1.0,-0.6428571428571429,-0.4,True
2024-02-20,-1.5,-0.5,-0.35,True
2024-02-21,-3.0,-0.7857142857142857,-0.35,True
2024-02-22,,-0.9285714285714286,-0.35,False
2024-02-23,-3.0,-1.3571428571428572,-0.45,True
2024-02-24,-3.0,-1.7857142857142858,-0.55,True
2024-02-25,0.0,-1.7857142857142858,-0.6166666666666667,True
2024-02-26,-1.0,-2.0714285714285716,-0.65,True
2024-02-27,,-2.0,-0.6833333333333333,False
2024-02-28,,-1.7142857142857142,-0.7166666666666667,False
2024-02-29,2.0,-1.0,-0.65,True
2024-03-01,0.0,-0.5714285714285714,-0.65,True
2024-03-02,0.0,-0.14285714285714285,-0.65,True
2024-03-03,,-0.14285714285714285,-0.65,False
2024-03-04,0.0,0.0,-0.65,True
2024-03-05,,0.14285714285714285,-0.7166666666666667,False
2024-03-06,-2.0,0.0,-0.7833333333333333,True
2024-03-07,-1.5,-0.5,-0.8333333333333334,True
2024-03-08,,-0.7142857142857143,-0.8833333333333333,False
2024-03-09,,-0.9285714285714286,-0.9333333333333333,False
2024-03-10,,-1.1428571428571428,-0.9833333333333333,False
2024-03-11,-2.0,-1.4285714285714286,-1.05,True
2024-03-12,,-1.7142857142857142,-1.1166666666666667,False
2024-03-13,,-1.7142857142857142,-1.1,False
2024-03-14,,-1.7857142857142858,-1.0833333333333333,False
2024-03-15,-3.0,-2.0,-1.15,True
2024-03-16,,-2.2142857142857144,-1.1833333333333333,False
2024-03-17,,-2.4285714285714284,-1.2833333333333334,False
2024-03-18,0.0,-2.142857142857143,-1.2833333333333334,True
2024-03-19,-1.0,-2.0,-1.3166666666666667,True
2024-03-20,,-1.8571428571428572,-1.3833333333333333,False
2024-03-21,0.0,-1.5714285714285714,-1.3333333333333333,True
2024-03-22,0.0,-1.1428571428571428,-1.2333333333333334,True
2024-03-23,,-0.7142857142857143,-1.1333333333333333,False
2024-03-24,2.0,0.0,-0.9666666666666667,True
2024-03-25,0.0,0.0,-0.8666666666666667,True
2024-03-26,,0.14285714285714285,-0.8666666666666667,False
2024-03-27,,0.2857142857142857,-0.8333333333333334,False
2024-03-28,0.0,0.2857142857142857,-0.8,True
2024-03-29,,0.2857142857142857,-0.7666666666666667,False
2024-03-30,-2.0,0.0,-0.9,True
2024-03-31,,-0.5714285714285714,-0.9666666666666667,False
2024-04-01,,-0.8571428571428571,-1.0333333333333334,False
2024-04-02,-3.0,-1.2857142857142858,-1.1333333333333333,True
2024-04-03,-1.5,-1.5,-1.1833333333333333,True
2024-04-04,0.0,-1.5,-1.1833333333333333,True
2024-04-05,,-1.5,-1.1166666666666667,False
2024-04-06,,-1.2142857142857142,-1.0666666666666667,False
2024-04-07,,-0.9285714285714286,-1.0166666666666666,False
2024-04-08,,-0.6428571428571429,-0.9666666666666667,False
2024-04-09,0.0,-0.21428571428571427,-0.9166666666666666,True
2024-04-10,-2.0,-0.2857142857142857,-0.9166666666666666,True
2024-04-11,0.0,-0.2857142857142857,-0.85,True
2024-04-12,,-0.2857142857142857,-0.7833333333333333,False
2024-04-13,,-0.2857142857142857,-0.7166666666666667,False
2024-04-14,-3.0,-0.7142857142857143,-0.7166666666666667,True
2024-04-15,-3.0,-1.1428571428571428,-0.7166666666666667,True
2024-04-16,,-1.5714285714285714,-0.7166666666666667,False
2024-04-17,-3.0,-1.7142857142857142,-0.8166666666666667,True
2024-04-18,-2.5,-2.0714285714285716,-0.8666666666666667,True
2024-04-19,-2.0,-2.357142857142857,-0.9,True
2024-04-20,,-2.642857142857143,-0.9666666666666667,False
2024-04-21,,-2.5,-1.0333333333333334,False
2024-04-22,-2.5,-2.4285714285714284,-1.1166666666666667,True
2024-04-23,,-2.357142857142857,-1.2666666666666666,False
2024-04-24,0.0,-1.9285714285714286,-1.2666666666666666,True
2024-04-25,0.0,-1.5714285714285714,-1.2666666666666666,True
2024-04-26,,-1.2857142857142858,-1.2666666666666666,False
2024-04-27,0.0,-1.0,-1.2666666666666666,True
2024-04-28,,-0.7142857142857143,-1.2666666666666666,False
2024-04-29,0.0,-0.35714285714285715,-1.2,True
2024-04-30,,0.0,-1.1333333333333333,False
2024-05-01,0.0,0.0,-1.0666666666666667,True
2024-05-02,,0.0,-0.9666666666666667,False
2024-05-03,-1.0,-0.14285714285714285,-0.95,True
2024-05-04,,-0.2857142857142857,-0.9833333333333333,False
2024-05-05,,-0.42857142857142855,-1.0166666666666666,False
2024-05-06,0.0,-0.42857142857142855,-1.0166666666666666,True
2024-05-07,,-0.42857142857142855,-1.0166666666666666,False
2024-05-08,,-0.42857142857142855,-1.0166666666666666,False
2024-05-09,,-0.42857142857142855,-1.0166666666666666,False
2024-05-10,2.0,0.0,-0.8833333333333333,True
2024-05-11,,0.42857142857142855,-0.8166666666666667,False
2024-05-12,,0.8571428571428571,-0.75,False
2024-05-13,,1.1428571428571428,-0.6833333333333333,False
2024-05-14,,1.4285714285714286,-0.5166666666666667,False
2024-05-15,,1.7142857142857142,-0.35,False
2024-05-16,-0.6666666666666666,1.619047619047619,-0.2722222222222222,True
2024-05-17,,1.238095238095238,-0.19444444444444445,False
2024-05-18,-3.0,0.5238095238095238,-0.2111111111111111,True
2024-05-19,,-0.19047619047619044,-0.24444444444444444,False
2024-05-20,0.0,-0.47619047619047616,-0.17777777777777776,True
2024-05-21,1.5,-0.5476190476190476,-0.0611111111111111,True
2024-05-22,-2.0,-1.119047619047619,-0.04444444444444443,True
2024-05-23,,-1.3095238095238095,-0.02777777777777777,False
2024-05-24,,-1.5,-0.09444444444444443,False
2024-05-25,0.0,-1.0714285714285714,-0.09444444444444443,True
2024-05-26,,-0.6428571428571429,-0.09444444444444443,False
2024-05-27,,-0.6428571428571429,-0.09444444444444443,False
2024-05-28,,-0.8571428571428571,-0.09444444444444443,False
2024-05-29,-1.5,-0.7857142857142857,-0.14444444444444443,True
2024-05-30,,-0.7142857142857143,-0.19444444444444445,False
2024-05-31,-1.5,-0.6428571428571429,-0.24444444444444444,True
2024-06-01,,-0.8571428571428571,-0.2944444444444444,False
2024-06-02,,-1.0714285714285714,-0.31111111111111106,False
2024-06-03,,-1.2857142857142858,-0.3277777777777777,False
2024-06-04,0.0,-1.2857142857142858,-0.2944444444444444,True
2024-06-05,-1.0,-1.2142857142857142,-0.3277777777777777,True
2024-06-06,,-1.1428571428571428,-0.36111111111111105,False
2024-06-07,-3.0,-1.3571428571428572,-0.4611111111111111,True
2024-06-08,,-1.5714285714285714,-0.5611111111111111,False
2024-06-09,,-1.7857142857142858,-0.7277777777777777,False
2024-06-10,,-2.0,-0.8944444444444444,False
2024-06-11,2.0,-1.7142857142857142,-0.8944444444444444,True
2024-06-12,0.0,-1.5714285714285714,-0.961111111111111,True
2024-06-13,-1.6,-1.657142857142857,-1.081111111111111,True
2024-06-14,,-1.457142857142857,-1.201111111111111,False
2024-06-15,-3.0,-1.457142857142857,-1.278888888888889,True
2024-06-16,-2.0,-1.3142857142857143,-1.3233333333333333,True
2024-06-17,-1.0,-1.0285714285714287,-1.2566666666666666,True
2024-06-18,0.0,-1.3142857142857143,-1.1566666666666665,True
2024-06-19,,-1.3142857142857143,-1.1566666666666665,False
2024-06-20,,-1.0857142857142856,-1.2066666666666666,False
2024-06-21,,-0.8571428571428571,-1.14,False
2024-06-22,,-0.42857142857142855,-1.0733333333333333,False
2024-06-23,,-0.14285714285714285,-1.0066666666666668,False
2024-06-24,,0.0,-1.0066666666666668,False
2024-06-25,,0.0,-1.0066666666666668,False
2024-06-26,,0.0,-1.0066666666666668,False
2024-06-27,,0.0,-1.0066666666666668,False
2024-06-28,,0.0,-0.9566666666666668,False
2024-06-29,,0.0,-0.9066666666666667,False
2024-06-30,,0.0,-0.8566666666666668,False
2024-07-01,,0.0,-0.8066666666666668,False
2024-07-02,,0.0,-0.7566666666666667,False
2024-07-03,,0.0,-0.7066666666666668,False
2024-07-04,,0.0,-0.7066666666666668,False
2024-07-05,,0.0,-0.6733333333333335,False
2024-07-06,,0.0,-0.6400000000000001,False
2024-07-07,,0.0,-0.5400000000000001,False
2024-07-08,,0.0,-0.44000000000000006,False
2024-07-09,,0.0,-0.33999999999999997,False
2024-07-10,,0.0,-0.24000000000000002,False
2024-07-11,,0.0,-0.30666666666666664,False
2024-07-12,,0.0,-0.30666666666666664,False
2024-07-13,,0.0,-0.2533333333333333,False
2024-07-14,,0.0,-0.2,False
2024-07-15,,0.0,-0.1,False
2024-07-16,,0.0,-0.03333333333333333,False
2024-07-17,,0.0,0.0,False
2024-07-18,,0.0,0.0,False
2024-07-19,,0.0,0.0,False
2024-07-20,,0.0,0.0,False
2024-07-21,,0.0,0.0,False
2024-07-22,,0.0,0.0,False
2024-07-23,,0.0,0.0,False
2024-07-24,,0.0,0.0,False
2024-07-25,,0.0,0.0,False
2024-07-26,,0.0,0.0,False
2024-07-27,,0.0,0.0,False
2024-07-28,,0.0,0.0,False
2024-07-29,,0.0,0.0,False
2024-07-30,,0.0,0.0,False
2024-07-31,,0.0,0.0,False
2024-08-01,,0.0,0.0,False
2024-08-02,,0.0,0.0,False
2024-08-03,,0.0,0.0,False
2024-08-04,,0.0,0.0,False
2024-08-05,,0.0,0.0,False
2024-08-06,,0.0,0.0,False
2024-08-07,,0.0,0.0,False
2024-08-08,,0.0,0.0,False
2024-08-09,,0.0,0.0,False
2024-08-10,,0.0,0.0,False
2024-08-11,,0.0,0.0,False
2024-08-12,,0.0,0.0,False
2024-08-13,,0.0,0.0,False
2024-08-14,,0.0,0.0,False
2024-08-15,,0.0,0.0,False
2024-08-16,,0.0,0.0,False
2024-08-17,,0.0,0.0,False
2024-08-18,,0.0,0.0,False
2024-08-19,,0.0,0.0,False
2024-08-20,,0.0,0.0,False
2024-08-21,,0.0,0.0,False
2024-08-22,,0.0,0.0,False
2024-08-23,,0.0,0.0,False
2024-08-24,,0.0,0.0,False
2024-08-25,,0.0,0.0,False
2024-08-26,,0.0,0.0,False
2024-08-27,,0.0,0.0,False
2024-08-28,,0.0,0.0,False
2024-08-29,,0.0,0.0,False
2024-08-30,,0.0,0.0,False
2024-08-31,,0.0,0.0,False
2024-09-01,,0.0,0.0,False
2024-09-02,,0.0,0.0,False
2024-09-03,,0.0,0.0,False
2024-09-04,,0.0,0.0,False
2024-09-05,,0.0,0.0,False
2024-09-06,,0.0,0.0,False
2024-09-07,,0.0,0.0,False
2024-09-08,,0.0,0.0,False
2024-09-09,,0.0,0.0,False
2024-09-10,,0.0,0.0,False
2024-09-11,,0.0,0.0,False
2024-09-12,,0.0,0.0,False
2024-09-13,,0.0,0.0,False
2024-09-14,,0.0,0.0,False
2024-09-15,,0.0,0.0,False
2024-09-16,,0.0,0.0,False
2024-09-17,,0.0,0.0,False
2024-09-18,,0.0,0.0,False
2024-09-19,,0.0,0.0,False
2024-09-20,,0.0,0.0,False
2024-09-21,,0.0,0.0,False
2024-09-22,,0.0,0.0,False
2024-09-23,,0.0,0.0,False
2024-09-24,,0.0,0.0,False
2024-09-25,,0.0,0.0,False
2024-09-26,,0.0,0.0,False
2024-09-27,,0.0,0.0,False
2024-09-28,,0.0,0.0,False
2024-09-29,,0.0,0.0,False
2024-09-30,,0.0,0.0,False
2024-10-01,,0.0,0.0,False
2024-10-02,,0.0,0.0,False
2024-10-03,,0.0,0.0,False
2024-10-04,,0.0,0.0,False
2024-10-05,,0.0,0.0,False
2024-10-06,,0.0,0.0,False
2024-10-07,,0.0,0.0,False
2024-10-08,,0.0,0.0,False
2024-10-09,,0.0,0.0,False
2024-10-10,,0.0,0.0,False
2024-10-11,,0.0,0.0,False
2024-10-12,,0.0,0.0,False
2024-10-13,,0.0,0.0,False
2024-10-14,,0.0,0.0,False
2024-10-15,,0.0,0.0,False
2024-10-16,,0.0,0.0,False
2024-10-17,,0.0,0.0,False
2024-10-18,,0.0,0.0,False
2024-10-19,,0.0,0.0,False
2024-10-20,,0.0,0.0,False
2024-10-21,,0.0,0.0,False
2024-10-22,,0.0,0.0,False
2024-10-23,,0.0,0.0,False
2024-10-24,,0.0,0.0,False
2024-10-25,,0.0,0.0,False
2024-10-26,,0.0,0.0,False
2024-10-27,,0.0,0.0,False
2024-10-28,,0.0,0.0,False
2024-10-29,,0.0,0.0,False
2024-10-30,,0.0,0.0,False
2024-10-31,,0.0,0.0,False
2024-11-01,,0.0,0.0,False
2024-11-02,,0.0,0.0,False
2024-11-03,,0.0,0.0,False
2024-11-04,,0.0,0.0,False
2024-11-05,,0.0,0.0,False
2024-11-06,,0.0,0.0,False
2024-11-07,,0.0,0.0,False
2024-11-08,,0.0,0.0,False
2024-11-09,,0.0,0.0,False
2024-11-10,,0.0,0.0,False
2024-11-11,,0.0,0.0,False
2024-11-12,,0.0,0.0,False
2024-11-13,,0.0,0.0,False
2024-11-14,,0.0,0.0,False
2024-11-15,,0.0,0.0,False
2024-11-16,,0.0,0.0,False
2024-11-17,,0.0,0.0,False
2024-11-18,,0.0,0.0,False
2024-11-19,,0.0,0.0,False
2024-11-20,,0.0,0.0,False
2024-11-21,,0.0,0.0,False
2024-11-22,,0.0,0.0,False
2024-11-23,,0.0,0.0,False
2024-11-24,,0.0,0.0,False
2024-11-25,,0.0,0.0,False
2024-11-26,,0.0,0.0,False
2024-11-27,,0.0,0.0,False
2024-11-28,,0.0,0.0,False
2024-11-29,,0.0,0.0,False
2024-11-30,,0.0,0.0,False
2024-12-01,,0.0,0.0,False
2024-12-02,,0.0,0.0,False
2024-12-03,,0.0,0.0,False
2024-12-04,,0.0,0.0,False
2024-12-05,,0.0,0.0,False
2024-12-06,,0.0,0.0,False
2024-12-07,,0.0,0.0,False
2024-12-08,,0.0,0.0,False
2024-12-09,,0.0,0.0,False
2024-12-10,,0.0,0.0,False
2024-12-11,,0.0,0.0,False
2024-12-12,,0.0,0.0,False
2024-12-13,,0.0,0.0,False
2024-12-14,,0.0,0.0,False
2024-12-15,,0.0,0.0,False
2024-12-16,,0.0,0.0,False
2024-12-17,,0.0,0.0,False
2024-12-18,,0.0,0.0,False
2024-12-19,,0.0,0.0,False
2024-12-20,,0.0,0.0,False
2024-12-21,,0.0,0.0,False
2024-12-22,,0.0,0.0,False
2024-12-23,,0.0,0.0,False
2024-12-24,,0.0,0.0,False
2024-12-25,,0.0,0.0,False
2024-12-26,,0.0,0.0,False
2024-12-27,,0.0,0.0,False
2024-12-28,,0.0,0.0,False
2024-12-29,,0.0,0.0,False
2024-12-30,,0.0,0.0,False
2024-12-31,,0.0,0.0,False
2025-01-01,,0.0,0.0,False
2025-01-02,,0.0,0.0,False
2025-01-03,,0.0,0.0,False
2025-01-04,,0.0,0.0,False
2025-01-05,,0.0,0.0,False
2025-01-06,,0.0,0.0,False
2025-01-07,,0.0,0.0,False
2025-01-08,,0.0,0.0,False
2025-01-09,,0.0,0.0,False
2025-01-10,,0.0,0.0,False
2025-01-11,,0.0,0.0,False
2025-01-12,,0.0,0.0,False
2025-01-13,,0.0,0.0,False
2025-01-14,,0.0,0.0,False
2025-01-15,,0.0,0.0,False
2025-01-16,,0.0,0.0,False
2025-01-17,,0.0,0.0,False
2025-01-18,,0.0,0.0,False
2025-01-19,,0.0,0.0,False
2025-01-20,,0.0,0.0,False
2025-01-21,,0.0,0.0,False
2025-01-22,,0.0,0.0,False
2025-01-23,,0.0,0.0,False
2025-01-24,,0.0,0.0,False
2025-01-25,,0.0,0.0,False
2025-01-26,,0.0,0.0,False
2025-01-27,,0.0,0.0,False
2025-01-28,,0.0,0.0,False
2025-01-29,,0.0,0.0,False
2025-01-30,,0.0,0.0,False
2025-01-31,,0.0,0.0,False
2025-02-01,,0.0,0.0,False
2025-02-02,,0.0,0.0,False
2025-02-03,,0.0,0.0,False
2025-02-04,,0.0,0.0,False
2025-02-05,,0.0,0.0,False
2025-02-06,,0.0,0.0,False
2025-02-07,,0.0,0.0,False
2025-02-08,,0.0,0.0,False
2025-02-09,,0.0,0.0,False
2025-02-10,,0.0,0.0,False
2025-02-11,,0.0,0.0,False
2025-02-12,,0.0,0.0,False
2025-02-13,,0.0,0.0,False
2025-02-14,,0.0,0.0,False
2025-02-15,,0.0,0.0,False
2025-02-16,,0.0,0.0,False
2025-02-17,,0.0,0.0,False
2025-02-18,,0.0,0.0,False
2025-02-19,,0.0,0.0,False
2025-02-20,,0.0,0.0,False
2025-02-21,,0.0,0.0,False
2025-02-22,,0.0,0.0,False
2025-02-23,,0.0,0.0,False
2025-02-24,,0.0,0.0,False
2025-02-25,,0.0,0.0,False
2025-02-26,,0.0,0.0,False
2025-02-27,,0.0,0.0,False
2025-02-28,,0.0,0.0,False
2025-03-01,,0.0,0.0,False
2025-03-02,,0.0,0.0,False
2025-03-03,,0.0,0.0,False
2025-03-04,,0.0,0.0,False
2025-03-05,,0.0,0.0,False
2025-03-06,,0.0,0.0,False
2025-03-07,,0.0,0.0,False
2025-03-08,,0.0,0.0,False
2025-03-09,,0.0,0.0,False
2025-03-10,,0.0,0.0,False
2025-03-11,,0.0,0.0,False
2025-03-12,,0.0,0.0,False
2025-03-13,,0.0,0.0,False
2025-03-14,,0.0,0.0,False
2025-03-15,,0.0,0.0,False
2025-03-16,,0.0,0.0,False
2025-03-17,,0.0,0.0,False
2025-03-18,,0.0,0.0,False
2025-03-19,0.0,0.0,0.0,True
2025-03-20,0.0,0.0,0.0,True
2025-03-21,1.0,0.14285714285714285,0.03333333333333333,True
2025-03-22,,0.2857142857142857,0.06666666666666667,False
2025-03-23,0.0,0.2857142857142857,0.06666666666666667,True
2025-03-24,,0.2857142857142857,0.06666666666666667,False
2025-03-25,0.0,0.2857142857142857,0.06666666666666667,True
2025-03-26,0.0,0.2857142857142857,0.06666666666666667,True
2025-03-27,-3.0,-0.14285714285714285,-0.03333333333333333,True
2025-03-28,,-0.7142857142857143,-0.13333333333333333,False
2025-03-29,,-1.2857142857142858,-0.23333333333333334,False
2025-03-30,,-1.7142857142857142,-0.3333333333333333,False
2025-03-31,2.0,-1.4285714285714286,-0.26666666666666666,True
2025-04-01,1.5,-1.2142857142857142,-0.21666666666666667,True
2025-04-02,,-1.0,-0.16666666666666666,False
2025-04-03,,-0.35714285714285715,-0.11666666666666667,False
2025-04-04,2.0,0.35714285714285715,-0.05,True
2025-04-05,,1.0714285714285714,0.016666666666666666,False
2025-04-06,,1.7857142857142858,0.08333333333333333,False
2025-04-07,-1.0,1.3571428571428572,0.05,True
2025-04-08,0.0,1.1428571428571428,0.05,True
2025-04-09,,0.9285714285714286,0.05,False
2025-04-10,,0.7142857142857143,0.05,False
2025-04-11,,0.42857142857142855,0.05,False
2025-04-12,,0.14285714285714285,0.05,False
2025-04-13,,-0.14285714285714285,0.05,False
2025-04-14,-3.0,-0.42857142857142855,-0.05,True
2025-04-15,0.3333333333333333,-0.38095238095238093,-0.03888888888888889,True
2025-04-16,0.0,-0.38095238095238093,-0.03888888888888889,True
2025-04-17,,-0.38095238095238093,-0.03888888888888889,False
2025-04-18,,-0.38095238095238093,-0.03888888888888889,False
2025-04-19,,-0.38095238095238093,-0.03888888888888889,False
2025-04-20,,-0.38095238095238093,-0.07222222222222223,False
2025-04-21,,0.047619047619047616,-0.10555555555555557,False
2025-04-22,,0.0,-0.10555555555555557,False
2025-04-23,-3.0,-0.42857142857142855,-0.20555555555555557,True
2025-04-24,0.0,-0.42857142857142855,-0.20555555555555557,True
2025-04-25,,-0.42857142857142855,-0.20555555555555557,False
2025-04-26,,-0.42857142857142855,-0.10555555555555557,False
2025-04-27,,-0.42857142857142855,-0.005555555555555565,False
2025-04-28,-3.0,-0.8571428571428571,-0.005555555555555565,True
2025-04-29,0.0,-0.8571428571428571,0.09444444444444443,True
2025-04-30,,-0.42857142857142855,0.02777777777777777,False
2025-05-01,,-0.42857142857142855,-0.022222222222222233,False
2025-05-02,-2.0,-0.7142857142857143,-0.1388888888888889,True
2025-05-03,0.0,-0.7142857142857143,-0.1888888888888889,True
2025-05-04,,-0.7142857142857143,-0.2555555555555556,False
2025-05-05,,-0.2857142857142857,-0.32222222222222224,False
2025-05-06,,-0.2857142857142857,-0.38888888888888895,False
2025-05-07,0.0,-0.2857142857142857,-0.35555555555555557,True
2025-05-08,,-0.2857142857142857,-0.35555555555555557,False
2025-05-09,3.0,0.42857142857142855,-0.2555555555555556,True
2025-05-10,0.0,0.42857142857142855,-0.2555555555555556,True
2025-05-11,,0.42857142857142855,-0.2555555555555556,False
2025-05-12,2.5,0.7857142857142857,-0.17222222222222222,True
2025-05-13,0.0,0.7857142857142857,-0.17222222222222222,True
2025-05-14,1.0,0.9285714285714286,-0.038888888888888896,True
2025-05-15,,1.0714285714285714,-0.016666666666666673,False
2025-05-16,,0.7857142857142857,0.01666666666666666,False
2025-05-17,-2.0,0.5,-0.05000000000000001,True
2025-05-18,,0.21428571428571427,-0.11666666666666667,False
2025-05-19,0.0,-0.14285714285714285,-0.11666666666666667,True
2025-05-20,0.0,-0.14285714285714285,-0.11666666666666667,True
2025-05-21,-1.0,-0.42857142857142855,-0.15,True
2025-05-22,2.0,-0.2857142857142857,-0.08333333333333333,True
2025-05-23,,-0.14285714285714285,0.08333333333333333,False
2025-05-24,,0.42857142857142855,0.15,False
2025-05-25,,1.0,0.21666666666666667,False
2025-05-26,0.0,1.0,0.21666666666666667,True
2025-05-27,2.0,1.2857142857142858,0.2833333333333333,True
2025-05-28,2.0,1.7142857142857142,0.45,True
2025-05-29,-2.0,1.1428571428571428,0.38333333333333336,True
2025-05-30,,0.5714285714285714,0.31666666666666665,False
2025-05-31,,0.0,0.25,False
2025-06-01,,-0.5714285714285714,0.25,False
2025-06-02,,-0.8571428571428571,0.18333333333333332,False
2025-06-03,0.0,-1.1428571428571428,0.18333333333333332,True
2025-06-04,0.0,-1.4285714285714286,0.18333333333333332,True
2025-06-05,,-1.1428571428571428,0.18333333333333332,False
2025-06-06,-1.6666666666666667,-1.0952380952380953,0.12777777777777777,True
2025-06-07,,-1.0476190476190477,0.07222222222222222,False
2025-06-08,,-1.0,-0.08333333333333333,False
2025-06-09,,-0.9523809523809524,-0.1388888888888889,False
2025-06-10,,-1.1904761904761905,-0.19444444444444448,False
2025-06-11,,-1.4285714285714286,-0.3333333333333333,False
2025-06-12,-1.0,-1.5714285714285714,-0.36666666666666664,True
2025-06-13,,-1.4761904761904763,-0.43333333333333335,False
2025-06-14,,-1.380952380952381,-0.5,False
2025-06-15,,-1.2857142857142858,-0.5666666666666667,False
2025-06-16,,-1.1904761904761905,-0.5333333333333333,False
2025-06-17,0.0,-0.9523809523809523,-0.4666666666666667,True
2025-06-18,2.0,-0.42857142857142866,-0.4,True
2025-06-19,0.0,-0.2857142857142857,-0.4,True
2025-06-20,0.0,-0.14285714285714285,-0.36666666666666664,True
2025-06-21,,0.0,-0.43333333333333335,False
2025-06-22,,0.14285714285714285,-0.5,False
2025-06-23,,0.2857142857142857,-0.5666666666666667,False
2025-06-24,,0.2857142857142857,-0.6333333333333333,False
2025-06-25,,0.0,-0.6333333333333333,False
2025-06-26,-0.6666666666666666,-0.09523809523809523,-0.7222222222222222,True
2025-06-27,,-0.19047619047619047,-0.8111111111111111,False
2025-06-28,,-0.2857142857142857,-0.7666666666666667,False
2025-06-29,2.0,0.0,-0.6333333333333333,True
2025-06-30,-0.6666666666666666,-0.09523809523809523,-0.5888888888888889,True
2025-07-01,0.0,-0.09523809523809523,-0.5222222222222223,True
2025-07-02,,-0.09523809523809523,-0.4555555555555556,False
2025-07-03,,0.0,-0.4555555555555556,False
2025-07-04,0.0,0.09523809523809523,-0.4555555555555556,True
2025-07-05,,0.19047619047619047,-0.4555555555555556,False
2025-07-06,,-0.09523809523809525,-0.4000000000000001,False
2025-07-07,,0.0,-0.34444444444444444,False
2025-07-08,0.0,0.0,-0.2888888888888889,True
2025-07-09,0.0,0.0,-0.23333333333333334,True
2025-07-10,0.0,0.0,-0.17777777777777776,True
2025-07-11,0.0,0.0,-0.12222222222222222,True
2025-07-12,,0.0,-0.08888888888888888,False
2025-07-13,,0.0,-0.05555555555555555,False
2025-07-14,2.0,0.2857142857142857,0.044444444444444446,True
2025-07-15,,0.5714285714285714,0.14444444444444446,False
2025-07-16,0.0,0.5714285714285714,0.17777777777777778,True
2025-07-17,3.0,1.0,0.2777777777777778,True
2025-07-18,,1.4285714285714286,0.3111111111111111,False
2025-07-19,,1.8571428571428572,0.41111111111111115,False
2025-07-20,,2.2857142857142856,0.5111111111111112,False
2025-07-21,0.0,2.0,0.5111111111111112,True
2025-07-22,,1.7142857142857142,0.5111111111111112,False
2025-07-23,,1.7142857142857142,0.5111111111111112,False
2025-07-24,,1.2857142857142858,0.5111111111111112,False
2025-07-25,,0.8571428571428571,0.5111111111111112,False
2025-07-26,,0.42857142857142855,0.5333333333333333,False
2025-07-27,,0.0,0.5555555555555556,False
2025-07-28,0.6666666666666666,0.09523809523809523,0.6,True
2025-07-29,0.0,0.09523809523809523,0.5333333333333333,True
2025-07-30,,0.09523809523809523,0.5555555555555556,False
2025-07-31,0.0,0.09523809523809523,0.5555555555555556,True
2025-08-01,3.0,0.5238095238095238,0.6555555555555556,True
2025-08-02,,0.9523809523809523,0.7555555555555556,False
2025-08-03,-3.0,0.5238095238095238,0.6555555555555556,True
2025-08-04,,0.0,0.5555555555555556,False
2025-08-05,,-0.42857142857142855,0.4555555555555556,False
2025-08-06,2.0,-0.14285714285714285,0.5222222222222223,True
2025-08-07,,0.14285714285714285,0.5888888888888888,False
2025-08-08,3.0,0.14285714285714285,0.6888888888888888,True
2025-08-09,-3.0,-0.7142857142857143,0.5888888888888888,True
2025-08-10,0.0,-0.2857142857142857,0.5888888888888888,True
2025-08-11,,0.14285714285714285,0.5888888888888888,False
2025-08-12,,0.5714285714285714,0.5888888888888888,False
2025-08-13,2.0,0.5714285714285714,0.5888888888888888,True
2025-08-14,-0.3333333333333333,0.2380952380952381,0.5111111111111111,True
2025-08-15,0.0,-0.19047619047619047,0.5111111111111111,True
2025-08-16,,0.2380952380952381,0.4111111111111111,False
2025-08-17,-2.0,-0.04761904761904761,0.24444444444444444,True
2025-08-18,0.0,-0.04761904761904761,0.14444444444444446,True
2025-08-19,-2.0,-0.3333333333333333,-0.022222222222222216,True
2025-08-20,-2.0,-0.9047619047619048,-0.08888888888888888,True
2025-08-21,,-1.1428571428571428,-0.15555555555555553,False
2025-08-22,,-1.4285714285714286,-0.2222222222222222,False
2025-08-23,,-1.7142857142857142,-0.28888888888888886,False
2025-08-24,,-1.7142857142857142,-0.3555555555555555,False
2025-08-25,0.0,-1.7142857142857142,-0.3555555555555555,True
2025-08-26,,-1.4285714285714286,-0.3555555555555555,False
2025-08-27,0.0,-1.1428571428571428,-0.3777777777777777,True
2025-08-28,-2.0,-1.1428571428571428,-0.4444444444444444,True
2025-08-29,,-1.1428571428571428,-0.5111111111111111,False
2025-08-30,,-1.1428571428571428,-0.5777777777777777,False
2025-08-31,,-1.1428571428571428,-0.7444444444444444,False
2025-09-01,0.0,-1.1428571428571428,-0.8444444444444444,True
2025-09-02,,-1.1428571428571428,-0.7444444444444444,False
2025-09-03,2.0,-0.8571428571428571,-0.5777777777777777,True
2025-09-04,0.0,-0.5714285714285714,-0.47777777777777775,True
2025-09-05,,-0.28571428571428564,-0.5444444444444444,False
2025-09-06,,6.344131569286608e-17,-0.611111111111111,False
2025-09-07,,0.28571428571428575,-0.711111111111111,False
2025-09-08,1.0,0.42857142857142866,-0.5777777777777777,True
2025-09-09,2.0,0.7142857142857143,-0.5111111111111111,True
2025-09-10,0.0,0.42857142857142866,-0.5111111111111111,True
2025-09-11,,0.42857142857142866,-0.5111111111111111,False
2025-09-12,0.6666666666666666,0.5238095238095238,-0.5555555555555555,True
2025-09-13,,0.6190476190476192,-0.5222222222222223,False
2025-09-14,,0.7142857142857143,-0.5,False
2025-09-15,,0.6666666666666667,-0.4777777777777778,False
2025-09-16,,0.4761904761904762,-0.3888888888888889,False
2025-09-17,,0.5714285714285714,-0.36666666666666664,False
2025-09-18,,0.6666666666666666,-0.2777777777777778,False
2025-09-19,,0.6666666666666666,-0.18888888888888886,False
2025-09-20,,0.6666666666666666,-0.1,False
2025-09-21,,0.6666666666666666,-0.011111111111111108,False
2025-09-22,1.0,0.7142857142857143,0.08888888888888889,True
2025-09-23,1.0,0.761904761904762,0.1888888888888889,True
2025-09-24,2.0,0.9523809523809524,0.2555555555555556,True
2025-09-25,,1.1428571428571428,0.3222222222222222,False
2025-09-26,2.0,1.3333333333333335,0.38888888888888895,True
2025-09-27,2.0,1.523809523809524,0.5222222222222223,True
2025-09-28,0.0,1.4285714285714286,0.5888888888888889,True
2025-09-29,-0.6666666666666666,1.1904761904761905,0.6333333333333333,True
2025-09-30,,0.9523809523809526,0.6777777777777777,False
2025-10-01,0.0,0.6666666666666669,0.6777777777777777,True
2025-10-02,,0.3809523809523811,0.6777777777777777,False
2025-10-03,,0.09523809523809537,0.611111111111111,False
2025-10-04,,-0.19047619047619033,0.611111111111111,False
2025-10-05,2.0,0.09523809523809537,0.6777777777777778,True
2025-10-06,,0.47619047619047633,0.7444444444444446,False
2025-10-07,,0.8571428571428573,0.8111111111111112,False
2025-10-08,-1.5,0.642857142857143,0.7277777777777779,True
2025-10-09,1.0,0.7857142857142858,0.6944444444444445,True
2025-10-10,0.0,0.7857142857142858,0.6944444444444445,True
2025-10-11,,0.7857142857142858,0.6944444444444445,False
2025-10-12,,0.5000000000000001,0.6722222222222222,False
2025-10-13,-2.0,-0.0714285714285713,0.5833333333333334,True
2025-10-14,0.0,-0.35714285714285704,0.5611111111111112,True
2025-10-15,1.0,1.2688263138573217e-16,0.5722222222222222,True
2025-10-16,,1.2688263138573217e-16,0.5833333333333334,False
2025-10-17,2.0,0.28571428571428586,0.6277777777777779,True
2025-10-18,,0.5714285714285715,0.6722222222222222,False
2025-10-19,,0.8571428571428573,0.7166666666666667,False
2025-10-20,,1.4285714285714286,0.7611111111111112,False
2025-10-21,-3.0,1.0,0.6388888888888888,True
2025-10-22,,0.4285714285714287,0.5055555555555555,False
2025-10-23,,-0.14285714285714274,0.3722222222222223,False
2025-10-24,,-0.857142857142857,0.2055555555555556,False
2025-10-25,,-1.5714285714285714,0.03888888888888893,False
2025-10-26,0.0,-1.8571428571428572,-0.027777777777777738,True
2025-10-27,,-2.142857142857143,-0.0944444444444444,False
2025-10-28,,-1.7142857142857142,-0.0944444444444444,False
2025-10-29,2.0,-0.9999999999999999,-0.005555555555555521,True
2025-10-30,2.0,-0.2857142857142856,0.08333333333333336,True
2025-10-31,,0.4285714285714287,0.15000000000000002,False
2025-11-01,2.0,1.1428571428571428,0.2166666666666667,True
2025-11-02,,1.4285714285714286,0.2833333333333333,False
2025-11-03,,1.7142857142857142,0.35,False
2025-11-04,-0.6666666666666666,1.619047619047619,0.2611111111111111,True
2025-11-05,0.0,1.3333333333333335,0.19444444444444448,True
2025-11-06,,1.0476190476190477,0.12777777777777782,False
2025-11-07,-2.0,0.47619047619047633,0.11111111111111113,True
2025-11-08,0.0,0.19047619047619063,0.0777777777777778,True
2025-11-09,,-0.0952380952380951,0.0777777777777778,False
2025-11-10,-1.5,-0.5952380952380951,0.02777777777777781,True
2025-11-11,2.0,-0.21428571428571416,0.09444444444444448,True
2025-11-12,2.0,0.07142857142857155,0.2277777777777778,True
2025-11-13,3.0,0.5000000000000001,0.3277777777777778,True
2025-11-14,,1.2142857142857142,0.3944444444444445,False
2025-11-15,,1.6428571428571428,0.46111111111111114,False
2025-11-16,0.0,1.6428571428571428,0.3944444444444445,True
2025-11-17,,1.8571428571428572,0.3277777777777778,False
2025-11-18,,1.5714285714285714,0.2611111111111111,False
2025-11-19,0.0,1.2857142857142858,0.19444444444444448,True
2025-11-20,1.0,1.0000000000000002,0.3277777777777778,True
2025-11-21,0.0,0.5714285714285715,0.4277777777777778,True
2025-11-22,,0.142857142857143,0.5277777777777778,False
2025-11-23,,0.142857142857143,0.6277777777777779,False
2025-11-24,,0.142857142857143,0.7277777777777779,False
2025-11-25,1.0,0.28571428571428586,0.7611111111111112,True
2025-11-26,-2.0,1.2688263138573217e-16,0.6944444444444445,True
2025-11-27,0.0,-0.14285714285714274,0.6944444444444445,True
2025-11-28,,-0.14285714285714274,0.6277777777777779,False
2025-11-29,,-0.14285714285714274,0.5611111111111112,False
2025-11-30,,-0.14285714285714274,0.49444444444444446,False
2025-12-01,,-0.14285714285714274,0.4277777777777778,False
2025-12-02,,-0.2857142857142856,0.3611111111111111,False
2025-12-03,0.0,0.0,0.29444444444444445,True
2025-12-04,-3.0,-0.42857142857142844,0.21666666666666673,True
2025-12-05,0.0,-0.42857142857142844,0.2166666666666667,True
2025-12-06,,-0.42857142857142844,0.2166666666666667,False
2025-12-07,0.0,-0.42857142857142844,0.2833333333333333,True
2025-12-08,,-0.42857142857142844,0.2833333333333333,False
2025-12-09,-3.0,-0.857142857142857,0.18333333333333332,True
2025-12-10,-1.3333333333333333,-1.0476190476190474,0.18888888888888894,True
2025-12-11,-3.0,-1.0476190476190474,0.02222222222222226,True
2025-12-12,-3.0,-1.476190476190476,-0.1444444444444444,True
2025-12-13,,-1.9047619047619047,-0.3444444444444444,False
2025-12-14,,-2.333333333333333,-0.5444444444444444,False
2025-12-15,1.0,-2.1904761904761902,-0.611111111111111,True
2025-12-16,,-1.6190476190476188,-0.5777777777777777,False
2025-12-17,1.0,-1.2857142857142854,-0.5444444444444444,True
2025-12-18,,-0.7142857142857142,-0.5111111111111111,False
2025-12-19,,-0.14285714285714274,-0.47777777777777775,False
2025-12-20,,0.4285714285714287,-0.47777777777777775,False
2025-12-21,,1.0,-0.4444444444444444,False
2025-12-22,,1.0,-0.4111111111111111,False
2025-12-23,,1.0,-0.3777777777777777,False
2025-12-24,-3.0,0.4285714285714287,-0.47777777777777775,True
2025-12-25,,-0.14285714285714274,-0.611111111111111,False
2025-12-26,,-0.7142857142857142,-0.6444444444444444,False
2025-12-27,,-1.2857142857142858,-0.7444444444444444,False
2025-12-28,,-1.8571428571428572,-0.8444444444444444,False
2025-12-29,,-2.4285714285714284,-0.9444444444444444,False
2025-12-30,-2.0,-2.857142857142857,-1.011111111111111,True
2025-12-31,,-2.7142857142857144,-1.0777777777777777,False
2026-01-01,,-2.5714285714285716,-1.1444444444444444,False
2026-01-02,,-2.4285714285714284,-1.211111111111111,False
2026-01-03,,-2.2857142857142856,-1.1777777777777776,False
2026-01-04,,-2.142857142857143,-1.2444444444444442,False
2026-01-05,0.0,-1.7142857142857142,-1.2444444444444442,True
2026-01-06,,-1.4285714285714286,-1.2444444444444442,False
2026-01-07,,-1.1428571428571428,-1.2444444444444442,False
2026-01-08,,-0.857142857142857,-1.1444444444444444,False
2026-01-09,,-0.5714285714285713,-1.1,False
2026-01-10,,-0.2857142857142856,-1.0,False
2026-01-11,0.0,0.0,-0.9,True
2026-01-12,,0.0,-0.8,False
2026-01-13,,0.0,-0.7,False
2026-01-14,0.0,0.0,-0.7333333333333333,True
2026-01-15,,0.0,-0.7666666666666667,False
2026-01-16,,0.0,-0.8,False
2026-01-17,,0.0,-0.8333333333333334,False
2026-01-18,,0.0,-0.8666666666666667,False
2026-01-19,0.0,0.0,-0.9,True
2026-01-20,2.0,0.28571428571428586,-0.8666666666666667,True
2026-01-21,0.0,0.28571428571428586,-0.9,True
2026-01-22,0.0,0.28571428571428586,-0.9333333333333333,True
2026-01-23,,0.28571428571428586,-0.8333333333333334,False
2026-01-24,,0.28571428571428586,-0.7333333333333333,False
2026-01-25,,0.28571428571428586,-0.6333333333333333,False
2026-01-26,0.5,0.35714285714285726,-0.5166666666666667,True
2026-01-27,0.0,0.07142857142857155,-0.4166666666666667,True
2026-01-28,,0.07142857142857155,-0.31666666666666665,False
2026-01-29,-1.5,-0.14285714285714274,-0.3,True
2026-01-30,,-0.35714285714285704,-0.2833333333333333,False
2026-01-31,,-0.5714285714285713,-0.26666666666666666,False
2026-02-01,0.0,-0.5714285714285713,-0.19999999999999998,True
2026-02-02,-1.0,-0.7857142857142856,-0.16666666666666663,True
2026-02-03,0.0,-0.7857142857142856,-0.09999999999999996,True
2026-02-04,,-0.7857142857142856,-0.09999999999999996,False
2026-02-05,0.0,-0.5714285714285713,-0.09999999999999996,True
2026-02-06,,-0.35714285714285704,-0.09999999999999996,False
2026-02-07,,-0.14285714285714274,-0.09999999999999996,False
2026-02-08,,-0.14285714285714274,-0.09999999999999996,False
2026-02-09,,0.0,-0.09999999999999996,False
2026-02-10,,0.0,-0.09999999999999996,False
2026-02-11,0.0,0.0,-0.09999999999999996,True
2026-02-12,0.0,0.0,-0.09999999999999996,True
2026-02-13,0.0,0.0,-0.09999999999999996,True
2026-02-14,-3.0,-0.42857142857142844,-0.19999999999999998,True
2026-02-15,,-0.857142857142857,-0.3,False
2026-02-16,-3.0,-1.2857142857142858,-0.4,True
2026-02-17,,-1.7142857142857142,-0.5,False
2026-02-18,-3.0,-2.142857142857143,-0.6,True
2026-02-19,,-2.5714285714285716,-0.7666666666666667,False
2026-02-20,,-3.0,-0.8666666666666667,False
2026-02-21,,-3.0,-0.9666666666666667,False
2026-02-22,,-3.0,-1.0666666666666667,False
2026-02-23,0.5,-2.5,-1.05,True
2026-02-24,-3.0,-2.5,-1.15,True
2026-02-25,-3.0,-2.5,-1.2666666666666666,True
2026-02-26,-3.0,-2.5,-1.3666666666666667,True
2026-02-27,0.0,-2.0714285714285716,-1.3666666666666667,True
2026-02-28,,-1.6428571428571428,-1.3166666666666667,False
2026-03-01,,-1.2142857142857142,-1.2666666666666666,False
2026-03-02,,-1.2857142857142858,-1.2166666666666666,False
2026-03-03,-2.0,-1.1428571428571428,-1.2833333333333334,True
2026-03-04,-2.0,-0.9999999999999999,-1.3166666666666667,True
2026-03-05,2.0,-0.2857142857142856,-1.25,True
2026-03-06,0.0,-0.2857142857142856,-1.25,True
2026-03-07,,-0.2857142857142856,-1.25,False
2026-03-08,,-0.2857142857142856,-1.25,False
2026-03-09,,-0.2857142857142856,-1.25,False
2026-03-10,-1.0,-0.14285714285714274,-1.2833333333333334,True
2026-03-11,,1.2688263138573217e-16,-1.3166666666666667,False
2026-03-12,,-0.42857142857142844,-1.35,False
2026-03-13,,-0.5714285714285713,-1.3833333333333333,False
2026-03-14,,-0.7142857142857142,-1.4166666666666667,False
2026-03-15,,-0.857142857142857,-1.45,False
2026-03-16,0.0,-0.857142857142857,-1.35,True
2026-03-17,-2.0,-0.9999999999999999,-1.3166666666666667,True
2026-03-18,,-1.1428571428571428,-1.2833333333333334,False
2026-03-19,,-1.2857142857142858,-1.25,False
2026-03-20,,-1.4285714285714286,-1.2166666666666666,False
